{
    "ApplicableVersion": "any", 
    "AssemblyVersion": "1.2.0.1", 
    "Author": "MgAl2O4", 
    "DalamudApiLevel": 4, 
    "Description": "Triple triad solver, NPC matches only.\n- highlights next move during mini game\n- evaluates all deck presets before match\n- deck optimizer for NPC\n- adds more details to card collection window", 
    "IconUrl": "https://raw.githubusercontent.com/MgAl2O4/FFTriadBuddyDalamud/main/assets/icon.png", 
    "ImageUrls": [
        "https://raw.githubusercontent.com/MgAl2O4/FFTriadBuddyDalamud/main/assets/image1.png", 
        "https://raw.githubusercontent.com/MgAl2O4/FFTriadBuddyDalamud/main/assets/image2.png", 
        "https://raw.githubusercontent.com/MgAl2O4/FFTriadBuddyDalamud/main/assets/image3.png"
    ], 
    "InternalName": "TriadBuddy_A4", 
    "LoadPriority": 0, 
    "Name": "TriadBuddy", 
    "Punchline": "Triple triad solver", 
    "RepoUrl": "https://github.com/MgAl2O4/FFTriadBuddyDalamud", 
    "Tags": [
        "solver", 
        "triad", 
        "triple triad"
    ]
}