{
  "Author": "MgAl2O4",
  "Name": "TriadBuddy",
  "InternalName": "TriadBuddy",
  "AssemblyVersion": "1.0.0.1",
  "Description": "Triple triad solver, NPC matches only.\nHighlights next move during mini game, win chance is indicated by color (green: good, red: bad)",
  "ApplicableVersion": "any",
  "RepoUrl": "https://github.com/MgAl2O4/FFTriadBuddyDalamud",
  "Tags": [
    "solver",
    "triad",
    "triple triad"
  ],
  "DalamudApiLevel": 4,
  "LoadPriority": 0,
  "IconUrl": "https://raw.githubusercontent.com/MgAl2O4/FFTriadBuddyDalamud/main/assets/icon.png",
  "Punchline": "Triple triad solver"
}