{
  "Author": "MgAl2O4",
  "Name": "TriadBuddy",
  "InternalName": "TriadBuddy",
  "AssemblyVersion": "1.2.0.0",
  "Description": "Triple triad solver, NPC matches only.\n- highlights next move during mini game\n- evaluates all deck presets before match\n- adds more details to card collection window",
  "ApplicableVersion": "any",
  "RepoUrl": "https://github.com/MgAl2O4/FFTriadBuddyDalamud",
  "Tags": [
    "solver",
    "triad",
    "triple triad"
  ],
  "DalamudApiLevel": 4,
  "LoadPriority": 0,
  "ImageUrls": [
    "https://raw.githubusercontent.com/MgAl2O4/FFTriadBuddyDalamud/main/assets/image1.png",
    "https://raw.githubusercontent.com/MgAl2O4/FFTriadBuddyDalamud/main/assets/image2.png",
    "https://raw.githubusercontent.com/MgAl2O4/FFTriadBuddyDalamud/main/assets/image3.png"
  ],
  "IconUrl": "https://raw.githubusercontent.com/MgAl2O4/FFTriadBuddyDalamud/main/assets/icon.png",
  "Punchline": "Triple triad solver"
}