{
  "Author": "MgAl2O4",
  "Name": "TriadBuddy",
  "InternalName": "TriadBuddy",
  "AssemblyVersion": "1.0.2.8",
  "Description": "Triple triad solver, NPC matches only.\n- highlights next move during mini game\n- evaluates all deck presets before match\n- deck optimizer for NPC\n- adds more details to card collection window",
  "ApplicableVersion": "any",
  "RepoUrl": "https://github.com/MgAl2O4/FFTriadBuddyDalamud",
  "Tags": [
    "solver",
    "triple triad"
  ],
  "DalamudApiLevel": 3,
  "LoadPriority": 0
}